iso3,owid,who,paho,acdc,continent
ABW,Aruba,Aruba,Aruba,,North America
AFG,Afghanistan,Afghanistan,,,Asia
AGO,Angola,Angola,,Angola,Africa
AIA,Anguilla,Anguilla,Anguilla,,North America
ALA,Åland Islands,,,,Europe
ALB,Albania,Albania,,,Europe
AND,Andorra,Andorra,,,Europe
ARE,United Arab Emirates,United Arab Emirates,,,Asia
ARG,Argentina,Argentina,Argentina,,South America
ARM,Armenia,Armenia,,,Asia
ASM,American Samoa,American Samoa,,,Oceania
ATA,Antarctica,,,,Antarctica
ATF,French Southern Territories,,,,Antarctica
ATG,Antigua and Barbuda,Antigua and Barbuda,Antigua and Barbuda,,North America
AUS,Australia,Australia,,,Oceania
AUT,Austria,Austria,,,Europe
AZE,Azerbaijan,Azerbaijan,,,Asia
BDI,Burundi,Burundi,,Burundi,Africa
BEL,Belgium,Belgium,,,Europe
BEN,Benin,Benin,,Benin,Africa
BES,Bonaire Sint Eustatius and Saba,"Bonaire Sint Eustatius and Saba",,,North America
BFA,Burkina Faso,Burkina Faso,,Burkina Faso,Africa
BGD,Bangladesh,Bangladesh,,,Asia
BGR,Bulgaria,Bulgaria,,,Europe
BHR,Bahrain,Bahrain,,,Asia
BHS,Bahamas,Bahamas,Bahamas,,North America
BIH,Bosnia and Herzegovina,Bosnia and Herzegovina,,,Europe
BLM,Saint Barthélemy,,,,North America
BLR,Belarus,Belarus,,,Europe
BLZ,Belize,Belize,Belize,,North America
BMU,Bermuda,Bermuda,Bermuda,,North America
BOL,Bolivia,Bolivia (Plurinational State of),Bolivia,,South America
BRA,Brazil,Brazil,Brazil,,South America
BRB,Barbados,Barbados,Barbados,,North America
BRN,Brunei,Brunei Darussalam,,,Asia
BTN,Bhutan,Bhutan,,,Asia
BVT,Bouvet Island,,,,Antarctica
BWA,Botswana,Botswana,,Botswana,Africa
CAF,Central African Republic,Central African Republic,,Central African Republic,Africa
CAN,Canada,Canada,Canada,,North America
CCK,Cocos (Keeling) Islands,,,,Asia
CHE,Switzerland,Switzerland,,,Europe
CHL,Chile,Chile,Chile,,South America
CHN,China,China,,,Asia
CIV,Cote d'Ivoire,Côte d’Ivoire,,Cote d Ivoire,Africa
CMR,Cameroon,Cameroon,,Cameroon,Africa
COD,Democratic Republic of Congo,Democratic Republic of the Congo,,Democratic Republic of the Congo,Africa
COG,Congo,Congo,,Congo,Africa
COK,Cook Islands,Cook Islands,,,Oceania
COL,Colombia,Colombia,Colombia,,South America
COM,Comoros,Comoros,,Comoros,Africa
CPV,Cape Verde,Cabo Verde,,Cabo Verde,Africa
CRI,Costa Rica,Costa Rica,Costa Rica,,North America
CUB,Cuba,Cuba,Cuba,,North America
CUW,Curacao,Curaçao,Curaçao,,North America
CXR,Christmas Island,,,,Asia
CYM,Cayman Islands,Cayman Islands,Cayman Islands,,North America
CYP,Cyprus,Cyprus,,,Asia
CZE,Czechia,Czechia,,,Europe
DEU,Germany,Germany,,,Europe
DJI,Djibouti,Djibouti,,Djibouti,Africa
DMA,Dominica,Dominica,Dominica,,North America
DNK,Denmark,Denmark,,,Europe
DOM,Dominican Republic,Dominican Republic,Dominican Republic,,North America
DZA,Algeria,Algeria,,Algeria,Africa
ECU,Ecuador,Ecuador,Ecuador,,South America
EGY,Egypt,Egypt,,Egypt,Africa
ERI,Eritrea,,,Eritrea,Africa
ESP,Spain,Spain,,,Europe
EST,Estonia,Estonia,,,Europe
ETH,Ethiopia,Ethiopia,,Ethiopia,Africa
FIN,Finland,Finland,,,Europe
FJI,Fiji,Fiji,,,Oceania
FLK,Falkland Islands,Falkland Islands (Malvinas),,,South America
FRA,France,France,,,Europe
FRO,Faeroe Islands,Faroe Islands,,,Europe
FSM,Micronesia (country),Micronesia (Federated States of),,,Oceania
GAB,Gabon,Gabon,,Gabon,Africa
GBR,United Kingdom,The United Kingdom,,,Europe
GEO,Georgia,Georgia,,,Asia
GHA,Ghana,Ghana,,Ghana,Africa
GIN,Guinea,Guinea,,Guinea,Africa
GNB,Guinea-Bissau,Guinea-Bissau,,Guinea-Bissau,Africa
GRD,Grenada,Grenada,Grenada,,North America
GTM,Guatemala,Guatemala,Guatemala,,North America
GUF,French Guiana,French Guiana,French Guiana,,South America
GUM,Guam,Guam,,,Oceania
GUY,Guyana,Guyana,Guyana,,South America
HKG,Hong Kong,,,,Asia
HND,Honduras,Honduras,Honduras,,North America
HRV,Croatia,Croatia,,,Europe
HTI,Haiti,Haiti,Haiti,,North America
HUN,Hungary,Hungary,,,Europe
IDN,Indonesia,Indonesia,,,Asia
IND,India,India,,,Asia
IRN,Iran,Iran (Islamic Republic of),,,Asia
IRQ,Iraq,Iraq,,,Asia
ISL,Iceland,Iceland,,,Europe
ISR,Israel,Israel,,,Asia
ITA,Italy,Italy,,,Europe
JAM,Jamaica,Jamaica,Jamaica,,North America
JPN,Japan,Japan,,,Asia
KAZ,Kazakhstan,Kazakhstan,,,Asia
KEN,Kenya,Kenya,,Kenya,Africa
KGZ,Kyrgyzstan,Kyrgyzstan,,,Asia
KHM,Cambodia,Cambodia,,,Asia
KIR,Kiribati,Kiribati,,,Oceania
KOR,South Korea,Republic of Korea,,,Asia
KWT,Kuwait,Kuwait,,,Asia
LAO,Laos,Lao People's Democratic Republic,,,Asia
LBN,Lebanon,Lebanon,,,Asia
LBR,Liberia,Liberia,,Liberia,Africa
LBY,Libya,Libya,,Libya,Africa
LCA,Saint Lucia,Saint Lucia,St Lucia,,North America
LIE,Liechtenstein,Liechtenstein,,,Europe
LKA,Sri Lanka,Sri Lanka,,,Asia
LSO,Lesotho,Lesotho,,Lesotho,Africa
LTU,Lithuania,Lithuania,,,Europe
LUX,Luxembourg,Luxembourg,,,Europe
LVA,Latvia,Latvia,,,Europe
MAC,Macao,,,,Asia
MAR,Morocco,Morocco,,Morocco,Africa
MCO,Monaco,Monaco,,,Europe
MDA,Moldova,Republic of Moldova,,,Europe
MDG,Madagascar,Madagascar,,Madagascar,Africa
MDV,Maldives,Maldives,,,Asia
MEX,Mexico,Mexico,Mexico,,North America
MHL,Marshall Islands,Marshall Islands,,,Oceania
MKD,North Macedonia,North Macedonia,,,Europe
MLI,Mali,Mali,,Mali,Africa
MLT,Malta,Malta,,,Europe
MMR,Myanmar,Myanmar,,,Asia
MNE,Montenegro,Montenegro,,,Europe
MNG,Mongolia,Mongolia,,,Asia
MNP,Northern Mariana Islands,Northern Mariana Islands (Commonwealth of),,,Oceania
MOZ,Mozambique,Mozambique,,Mozambique,Africa
MRT,Mauritania,Mauritania,,Mauritania,Africa
MSR,Montserrat,Montserrat,Montserrat,,North America
MTQ,Martinique,Martinique,Martinique,,North America
MUS,Mauritius,Mauritius,,Mauritius,Africa
MWI,Malawi,Malawi,,Malawi,Africa
MYS,Malaysia,Malaysia,,,Asia
NAM,Namibia,Namibia,,Namibia,Africa
NCL,New Caledonia,New Caledonia,,,Oceania
NER,Niger,Niger,,Niger,Africa
NGA,Nigeria,Nigeria,,Nigeria,Africa
NIC,Nicaragua,Nicaragua,Nicaragua,,North America
NLD,Netherlands,Netherlands,,,Europe
NOR,Norway,Norway,,,Europe
NPL,Nepal,Nepal,,,Asia
NRU,Nauru,Nauru,,,Oceania
NZL,New Zealand,New Zealand,,,Oceania
OMN,Oman,Oman,,,Asia
PAK,Pakistan,Pakistan,,,Asia
PAN,Panama,Panama,Panama,,North America
PER,Peru,Peru,Peru,,South America
PHL,Philippines,Philippines,,,Asia
PLW,Palau,Palau,,,Oceania
PNG,Papua New Guinea,Papua New Guinea,,,Oceania
POL,Poland,Poland,,,Europe
PRY,Paraguay,Paraguay,Paraguay,,South America
PRT,Portugal,Portugal,,,Europe
QAT,Qatar,Qatar,,,Asia
ROU,Romania,Romania,,,Europe
RUS,Russia,Russian Federation,,,Europe
RWA,Rwanda,Rwanda,,Rwanda,Africa
SAU,Saudi Arabia,Saudi Arabia,,,Asia
SDN,Sudan,Sudan,,Sudan,Africa
SEN,Senegal,Senegal,,Senegal,Africa
SGP,Singapore,Singapore,,,Asia
SLE,Sierra Leone,Sierra Leone,,Sierra Leone,Africa
SLV,El Salvador,El Salvador,El Salvador,,North America
SMR,San Marino,San Marino,,,Europe
SOM,Somalia,Somalia,,Somalia,Africa
SRB,Serbia,Serbia,,,Europe
SSD,South Sudan,South Sudan,,South Sudan,Africa
STP,Sao Tome and Principe,Sao Tome and Principe,,Sao Tome and Principe,Africa
SUR,Suriname,Suriname,Suriname,,South America
SVK,Slovakia,Slovakia,,,Europe
SVN,Slovenia,Slovenia,,,Europe
SWE,Sweden,Sweden,,,Europe
SWZ,Eswatini,Eswatini,,Eswatini,Africa
SXM,Sint Maarten (Dutch part),Sint Maarten,Sint Maarten,,North America
SYC,Seychelles,Seychelles,,Seychelles,Africa
SYR,Syria,Syrian Arab Republic,,,Asia
TCD,Chad,Chad,,Chad,Africa
TGO,Togo,Togo,,Togo,Africa
THA,Thailand,Thailand,,,Asia
TJK,Tajikistan,Tajikistan,,,Asia
TKM,Turkmenistan,Turkmenistan,,,Asia
TLS,Timor,Timor-Leste,,,Asia
TON,Tonga,Tonga,,,Oceania
TTO,Trinidad and Tobago,Trinidad and Tobago,Trinidad & Tobago,,North America
TUN,Tunisia,Tunisia,,Tunisia,Africa
TUR,Turkey,Turkey,,,Asia
TUV,Tuvalu,Tuvalu,,,Oceania
TWN,Taiwan,,,,Asia
TZA,Tanzania,United Republic of Tanzania,,United Republic of Tanzania,Africa
UGA,Uganda,Uganda,,Uganda,Africa
UKR,Ukraine,Ukraine,,,Europe
URY,Uruguay,Uruguay,Uruguay,,South America
USA,United States,United States of America,United States of America,,North America
UZB,Uzbekistan,Uzbekistan,,,Asia
VAT,Vatican,,,,Europe
VCT,Saint Vincent and the Grenadines,Saint Vincent and the Grenadines,St Vincent & The Grenadines,,North America
VEN,Venezuela,Venezuela (Bolivarian Republic of),Venezuela,,South America
VGB,British Virgin Islands,British Virgin Islands,Virgin Islands (British),,North America
VIR,United States Virgin Islands,,,,North America
VNM,Vietnam,Viet Nam,,,Asia
VUT,Vanuatu,Vanuatu,,,Oceania
WSM,Samoa,Samoa,,,Oceania
YEM,Yemen,Yemen,,,Asia
ZAF,South Africa,South Africa,,South Africa,Africa
ZMB,Zambia,Zambia,,Zambia,Africa
ZWE,Zimbabwe,Zimbabwe,,Zimbabwe,Africa