location,iso_code,year,diabetes_prevalence
Afghanistan,AFG,2017,9.59
Albania,ALB,2017,10.08
Algeria,DZA,2017,6.73
Andorra,AND,2017,7.97
Angola,AGO,2017,3.94
Antigua and Barbuda,ATG,2017,13.17
Arab World,"",2017,12.077
Argentina,ARG,2017,5.5
Armenia,ARM,2017,7.11
Aruba,ABW,2017,11.62
Australia,AUS,2017,5.07
Austria,AUT,2017,6.35
Azerbaijan,AZE,2017,7.11
Bahamas,BHS,2017,13.17
Bahrain,BHR,2017,16.52
Bangladesh,BGD,2017,8.38
Barbados,BRB,2017,13.57
Belarus,BLR,2017,5.18
Belgium,BEL,2017,4.29
Belize,BLZ,2017,17.11
Benin,BEN,2017,0.99
Bermuda,BMU,2017,13
Bhutan,BTN,2017,9.75
Bolivia,BOL,2017,6.89
Bosnia and Herzegovina,BIH,2017,10.08
Botswana,BWA,2017,4.81
Brazil,BRA,2017,8.11
British Virgin Islands,VGB,2017,13.67
Brunei,BRN,2017,12.79
Bulgaria,BGR,2017,5.81
Burkina Faso,BFA,2017,2.42
Burundi,BDI,2017,6.05
Cambodia,KHM,2017,4
Cameroon,CMR,2017,7.2
Canada,CAN,2017,7.37
Cape Verde,CPV,2017,2.42
Caribbean small states,"",2017,11.86
Cayman Islands,CYM,2017,13.22
Central African Republic,CAF,2017,6.1
Central Europe and the Baltics,"",2017,6.863
Chad,TCD,2017,6.1
Channel Islands,OWID_CIS,2017,4.28
Chile,CHL,2017,8.46
China,CHN,2017,9.74
Colombia,COL,2017,7.44
Comoros,COM,2017,11.88
Congo,COG,2017,7.2
Costa Rica,CRI,2017,8.78
Cote d'Ivoire,CIV,2017,2.42
Croatia,HRV,2017,5.59
Cuba,CUB,2017,8.27
Curacao,CUW,2017,11.62
Cyprus,CYP,2017,9.24
Czechia,CZE,2017,6.82
Democratic Republic of Congo,COD,2017,6.1
Denmark,DNK,2017,6.41
Djibouti,DJI,2017,6.05
Dominica,DMA,2017,11.62
Dominican Republic,DOM,2017,8.2
Early-demographic dividend,"",2017,9.326
East Asia & Pacific,"",2017,8.572
East Asia & Pacific (IDA & IBRD),"",2017,8.902
East Asia & Pacific (excluding high income),"",2017,8.841
Ecuador,ECU,2017,5.55
Egypt,EGY,2017,17.31
El Salvador,SLV,2017,8.87
Equatorial Guinea,GNQ,2017,7.78
Eritrea,ERI,2017,6.05
Estonia,EST,2017,4.02
Ethiopia,ETH,2017,7.47
Euro area,"",2017,6.238
Europe & Central Asia,"",2017,6.8
Europe & Central Asia (IDA & IBRD),"",2017,7.705
Europe & Central Asia (excluding high income),"",2017,7.905
European Union,"",2017,6.102
Fiji,FJI,2017,14.49
Finland,FIN,2017,5.76
Fragile and conflict affected situations,"",2017,7.076
France,FRA,2017,4.77
French Polynesia,PYF,2017,22.63
Gabon,GAB,2017,7.2
Gambia,GMB,2017,1.91
Georgia,GEO,2017,7.11
Germany,DEU,2017,8.31
Ghana,GHA,2017,4.97
Greece,GRC,2017,4.55
Greenland,GRL,2017,2.16
Grenada,GRD,2017,10.71
Guam,GUM,2017,21.52
Guatemala,GTM,2017,10.18
Guinea,GIN,2017,2.42
Guinea-Bissau,GNB,2017,2.42
Guyana,GUY,2017,11.62
Haiti,HTI,2017,6.65
Heavily indebted poor countries (HIPC),"",2017,5.87
High income,"",2017,7.854
Honduras,HND,2017,7.21
Hong Kong,HKG,2017,8.33
Hungary,HUN,2017,7.55
IBRD only,"",2017,9.319
IDA & IBRD total,"",2017,8.634
IDA blend,"",2017,5.704
IDA only,"",2017,6.313
IDA total,"",2017,6.11
Iceland,ISL,2017,5.31
India,IND,2017,10.39
Indonesia,IDN,2017,6.32
Iran,IRN,2017,9.59
Iraq,IRQ,2017,8.83
Ireland,IRL,2017,3.28
Israel,ISR,2017,6.74
Italy,ITA,2017,4.78
Jamaica,JAM,2017,11.28
Japan,JPN,2017,5.72
Jordan,JOR,2017,11.75
Kazakhstan,KAZ,2017,7.11
Kenya,KEN,2017,2.92
Kiribati,KIR,2017,22.66
Kuwait,KWT,2017,15.84
Kyrgyzstan,KGZ,2017,7.11
Laos,LAO,2017,4
Late-demographic dividend,"",2017,9.004
Latin America & Caribbean,"",2017,8.723
Latin America & Caribbean (IDA & IBRD),"",2017,8.7
Latin America & Caribbean (excluding high income),"",2017,8.956
Latvia,LVA,2017,4.91
Least developed countries: UN classification,"",2017,6.275
Lebanon,LBN,2017,12.71
Lesotho,LSO,2017,3.94
Liberia,LBR,2017,2.42
Libya,LBY,2017,10.43
Liechtenstein,LIE,2017,7.77
Lithuania,LTU,2017,3.67
Low & middle income,"",2017,8.659
Low income,"",2017,5.4
Lower middle income,"",2017,8.71
Luxembourg,LUX,2017,4.42
North Macedonia,MKD,2017,10.08
Madagascar,MDG,2017,3.94
Malawi,MWI,2017,3.94
Malaysia,MYS,2017,16.74
Maldives,MDV,2017,9.19
Mali,MLI,2017,2.42
Malta,MLT,2017,8.83
Marshall Islands,MHL,2017,30.53
Mauritania,MRT,2017,2.42
Mauritius,MUS,2017,22.02
Mexico,MEX,2017,13.06
Micronesia (country),FSM,2017,12.02
Middle East & North Africa,"",2017,11.428
Middle East & North Africa (IDA & IBRD),"",2017,10.632
Middle East & North Africa (excluding high income),"",2017,10.631
Middle income,"",2017,8.995
Moldova,MDA,2017,5.72
Monaco,MCO,2017,5.46
Mongolia,MNG,2017,4.82
Montenegro,MNE,2017,10.08
Morocco,MAR,2017,7.14
Mozambique,MOZ,2017,3.3
Myanmar,MMR,2017,4.61
Namibia,NAM,2017,3.94
Nauru,NRU,2017,24.07
Nepal,NPL,2017,7.26
Netherlands,NLD,2017,5.29
New Caledonia,NCL,2017,23.36
New Zealand,NZL,2017,8.08
Nicaragua,NIC,2017,11.47
Niger,NER,2017,2.42
Nigeria,NGA,2017,2.42
North America,"",2017,10.433
North Korea,PRK,2017,4
Norway,NOR,2017,5.31
OECD members,"",2017,8.207
Oman,OMN,2017,12.61
Other small states,"",2017,8.31
Pacific island small states,"",2017,15.127
Pakistan,PAK,2017,8.35
Palau,PLW,2017,15.89
Palestine,PSE,2017,10.59
Panama,PAN,2017,8.33
Papua New Guinea,PNG,2017,17.65
Paraguay,PRY,2017,8.27
Peru,PER,2017,5.95
Philippines,PHL,2017,7.07
Poland,POL,2017,5.91
Portugal,PRT,2017,9.85
Post-demographic dividend,"",2017,7.506
Pre-demographic dividend,"",2017,4.872
Puerto Rico,PRI,2017,12.9
Qatar,QAT,2017,16.52
Romania,ROU,2017,9.74
Russia,RUS,2017,6.18
Rwanda,RWA,2017,4.28
Saint Kitts and Nevis,KNA,2017,12.84
Saint Lucia,LCA,2017,11.62
Saint Vincent and the Grenadines,VCT,2017,11.62
Samoa,WSM,2017,9.21
San Marino,SMR,2017,5.64
Sao Tome and Principe,STP,2017,2.42
Saudi Arabia,SAU,2017,17.72
Senegal,SEN,2017,2.42
Serbia,SRB,2017,10.08
Seychelles,SYC,2017,10.55
Sierra Leone,SLE,2017,2.42
Singapore,SGP,2017,10.99
Slovakia,SVK,2017,7.29
Slovenia,SVN,2017,7.25
Small states,"",2017,9.367
Solomon Islands,SLB,2017,18.68
Somalia,SOM,2017,6.05
South Africa,ZAF,2017,5.52
South Asia,"",2017,9.938
South Asia (IDA & IBRD),"",2017,9.938
South Korea,KOR,2017,6.8
South Sudan,SSD,2017,10.43
Spain,ESP,2017,7.17
Sri Lanka,LKA,2017,10.68
Sub-Saharan Africa,"",2017,4.848
Sub-Saharan Africa (IDA & IBRD),"",2017,4.848
Sub-Saharan Africa (excluding high income),"",2017,4.847
Sudan,SDN,2017,15.67
Suriname,SUR,2017,12.54
Eswatini,SWZ,2017,3.94
Sweden,SWE,2017,4.79
Switzerland,CHE,2017,5.59
Syrian Arab Republic,"",2017,8.23
Tajikistan,TJK,2017,7.11
Tanzania,TZA,2017,5.75
Thailand,THA,2017,7.04
Timor,TLS,2017,6.86
Togo,TGO,2017,6.15
Tonga,TON,2017,15.42
Trinidad and Tobago,TTO,2017,10.97
Tunisia,TUN,2017,8.52
Turkey,TUR,2017,12.13
Turkmenistan,TKM,2017,7.11
Tuvalu,TUV,2017,27.25
Uganda,UGA,2017,2.5
Ukraine,UKR,2017,7.11
United Arab Emirates,ARE,2017,17.26
United Kingdom,GBR,2017,4.28
United States,USA,2017,10.79
United States Virgin Islands,VIR,2017,12.26
Upper middle income,"",2017,9.284
Uruguay,URY,2017,6.93
Uzbekistan,UZB,2017,7.57
Vanuatu,VUT,2017,12.02
Venezuela,VEN,2017,6.47
Vietnam,VNM,2017,6
World,OWID_WRL,2017,8.51
Yemen,YEM,2017,5.35
Zambia,ZMB,2017,3.94
Zimbabwe,ZWE,2017,1.82
